{"cameraMode":{"drawMode":0,"name":"Shaded","section":"Shading Mode"},"sceneLighting":true,"audioPlay":false,"sceneViewState":{"showFog":true,"showMaterialUpdate":true,"showSkybox":true,"showFlares":true,"showImageEffects":true,"showParticleSystems":true},"in2DMode":false,"pivot":{"x":2.6736931800842287,"y":8.585348129272461,"z":-9.874267578125},"rotation":{"x":-0.3166210949420929,"y":0.10697349160909653,"z":-0.03595929220318794,"w":-0.9418213963508606},"size":23.233510971069337,"orthographic":false}